Gender,Age,Annual Income (k$),Spending Score (1-100),Cluster
1.5384615384615385,32.69230769230769,86.53846153846153,82.12820512820514,0
1.5517241379310345,36.48275862068965,89.51724137931035,18.0,1
2.0,49.81395348837209,49.23255813953488,40.06976744186046,2
1.5925925925925926,24.90740740740741,39.72222222222223,61.2037037037037,3
1.0,55.71428571428572,53.68571428571429,36.77142857142857,4
